Feature,Importance
sg_app,0.18005849623249565
sg_putt,0.14244799427877705
sg_ott,0.10149106099668845
scrambling,0.09842913887943912
sg_arg,0.09673098909573183
gir,0.08748158826754408
poor_shots,0.08168387097897922
distance,0.049300104241786526
great_shots,0.04899403451950567
prox_fw,0.04561248941021496
accuracy,0.036165411651774955
prox_rgh,0.031604821447062316
