,Random Forest,XGBoost
accuracy,0.844106463878327,0.8897338403041825
precision,0.9259259259259259,0.8536585365853658
recall,0.5747126436781609,0.8045977011494253
f1_score,0.7092198581560284,0.8284023668639053
roc_auc,0.959051724137931,0.9640151515151516
